style_no,rep_id,linked_at,linked_by,memo
MYSTO03,RM0004,2026-01-22 08:59:34,unknown,
MYSTO05,RM0005,2026-01-22 09:02:19,unknown,
MYSTO02,RM0005,2026-01-22 09:02:19,unknown,
MYSSE05,RM0005,2026-01-22 09:02:19,unknown,
MYSSE01,RM0008,2026-01-22 09:38:35,unknown,
MYSTO06,RM0008,2026-01-23 00:28:03,unknown,
MYSPT04,RM0008,2026-01-23 00:28:03,unknown,
MYSTO01,RM0008,2026-01-23 00:28:03,unknown,
MYSPT01,RM0008,2026-01-23 00:28:03,unknown,
MYSPT03,RM0006,2026-01-23 00:45:43,unknown,
MYSOU02,RM0009,2026-01-23 05:25:29,unknown,
MYSTO07,RM0009,2026-01-23 05:25:29,unknown,
